Species,Culture accession number(s),Host name or isolation source,Host Family,Country,Collector,ITS,TEF,ACT,CAL,HIS
Cercospora achyranthis,CBS 132613; CPC 10879,Achyranthes japonica,Amaranthaceae,South Korea: Jeju,H.D. Shin,JX143523,JX143277,JX143031,JX142785,JX142539
Cercospora achyranthis,CPC 10091,Achyranthes japonica,Amaranthaceae,South Korea: Jeju,H.D. Shin,JX143524,JX143278,JX143032,JX142786,JX142540
Cercospora agavicola,CBS 117292; CPC 11774 (TYPE),Agave tequilana var. azul,Agavaceae,Mexico: Penjamo,V. Ayala-Escobar & Ma. de Jesús Yáñez-Morales,AY647237,AY966897,AY966898,AY966899,AY966900
Cercospora alchemillicola,CPC 5259 (TYPE),Alchemilla mollis,Rosaceae,New Zealand: Auckland,C.F. Hill,JX143525,JX143279,JX143033,JX142787,JX142541
Cercospora cf. alchemillicola,CPC 5126,Oenothera fruticosa,Onagraceae,New Zealand: Auckland,C.F. Hill,JX143526,JX143280,JX143034,JX142788,JX142542
Cercospora cf. alchemillicola,CPC 5127,Gaura lindheimeri,Onagraceae,New Zealand: Auckland,C.F. Hill,JX143527,JX143281,JX143035,JX142789,JX142543
Cercospora althaeina,CBS 126.26; CPC 5066,Malvasp.,Malvaceae,–,C. Killian,JX143528,JX143282,JX143036,JX142790,JX142544
Cercospora althaeina,CBS 132609; CPC 10790,Althaea rosea,Malvaceae,South Korea: Suwon,H.D. Shin,JX143529,JX143283,JX143037,JX142791,JX142545
Cercospora althaeina,CBS 248.67; CPC 5117 (TYPE),Althaea rosea,Malvaceae,Romania: Fundulea,O. Constantinescu,JX143530,JX143284,JX143038,JX142792,JX142546
Cercospora apii,CBS 110813; CPC 5110; 01-3,Moluccella laevis,Lamiaceae,USA: California,S.T. Koike,AY156918,DQ233345,DQ233371,DQ233397,DQ233423
Cercospora apii,CBS 110816; CPC 5111; 01-4,Moluccella laevis,Lamiaceae,USA: California,S.T. Koike,AY156919,DQ233346,DQ233372,DQ233398,DQ233424
Cercospora apii,CBS 114416; CPC 10925,Apiumsp.,Apiaceae,Austria,Institut fur Pflanzengesundheit,AY840516,AY840483,AY840447,AY840414,AY840381
Cercospora apii,CBS 114418; CPC 10924,Apium graveolens,Apiaceae,Italy,M. Meutri,AY840517,AY840484,AY840448,AY840415,AY840382
Cercospora apii,CBS 114485; CPC 10923,Apium graveolens,Apiaceae,Italy,M. Meutri,AY840518,AY840485,AY840449,AY840416,AY840383
Cercospora apii,CBS 116455; CPC 11556 (TYPE),Apium graveolens,Apiaceae,Germany: Heilbron,K. Schrameyer,AY840519,AY840486,AY840450,AY840417,AY840384
Cercospora apii,CBS 116504; CPC 11579,Apium graveolens,Apiaceae,Germany: Heilbron,K. Schrameyer,AY840520,AY840487,AY840451,AY840418,AY840385
Cercospora apii,CBS 116507; CPC 11582,Apium graveolens,Apiaceae,Germany: Heilbron,K. Schrameyer,AY840521,AY840488,AY840452,AY840419,AY840386
Cercospora apii,CBS 119.25; B 42463; IHEM 3822; CPC 5086,Apium graveolens,Apiaceae,–,L. J. Klotz,AY179949,AY179915,AY840443,AY840410,AY840377
Cercospora apii,CBS 121.31; CPC 5073,Beta vulgaris,Chenopodiaceae,Austria: Wien,E.W. Schmidt,AY343371,AY343334,AY840444,AY840411,AY840378
Cercospora apii,CBS 127.31; CPC 5119,Beta vulgaris,Chenopodiaceae,Hungary,E.W. Schmidt,AY840514,AY840481,AY840445,AY840412,AY840379
Cercospora apii,CBS 132683; CPC 16663,Moluccella laevis,Lamiaceae,Zimbabwe,S. Dimbi,JX143531,JX143285,JX143039,JX142793,JX142547
Cercospora apii,CBS 152.52; IMI 077043; MUCL 16495; CPC 5063,Beta vulgaris,Chenopodiaceae,Netherlands: Bergen op Zoom,G. van den Ende,AY840515,AY840482,AY840446,AY840413,AY840380
Cercospora apii,CBS 252.67; CPC 5084,Plantago lanceolata,Plantaginaceae,Romania: Domnesti,O. Constantinescu,DQ233318,DQ233342,DQ233368,DQ233394,DQ233420
Cercospora apii,CBS 536.71; CPC 5087,Apium graveolens,Apiaceae,Romania: Bucuresti,O. Constantinescu,AY752133,AY752166,AY752194,AY752225,AY752256
Cercospora apii,CBS 553.71; IMI 161116; CPC 5083,Plumbago europaea,Plumbaginaceae,Romania: Hagieni,O. Constantinescu,DQ233320,DQ233344,DQ233370,DQ233396,DQ233422
Cercospora apii,CPC 18601,Apium graveolens,Apiaceae,USA: California,S.T. Koike,JX143532,JX143286,JX143040,JX142794,JX142548
Cercospora apii,CPC 5112,Moluccella laevis,Lamiaceae,New Zealand: Auckland,C.F. Hill,DQ233321,DQ233347,DQ233373,DQ233399,DQ233425
Cercospora apii,CPC 5260,Glebionis coronaria(≡Chrysanthemum coronarium),Asteraceae,New Zealand: Auckland,C.F. Hill,JX143533,JX143287,JX143041,JX142795,JX142549
Cercospora apii,MUCC 567; MUCNS 30; MAFF 238072,Apium graveolens,Apiaceae,Japan: Aichi,T. Kobayashi,JX143534,JX143288,JX143042,JX142796,JX142550
Cercospora apii,MUCC 573; MAFF 235978,Glebionis coronaria(≡Chrysanthemum coronarium),Asteraceae,Japan: Hokkaido,–,JX143535,JX143289,JX143043,JX142797,JX142551
Cercospora apii,MUCC 593,Apium graveolens,Apiaceae,Japan: Shizuoka,M. Togawa,JX143536,JX143290,JX143044,JX142798,JX142552
Cercospora apii,MUCC 923; MAFF 238299,Asparagus officinalis,Asparagaceae,Japan: Saga,J. Yamaguchi,JX143537,JX143291,JX143045,JX142799,JX142553
Cercospora apiicola,CBS 116457; CPC 10267 (TYPE),Apiumsp.,Apiaceae,Venezuela: Caripe,N. Pons,AY840536,AY840503,AY840467,AY840434,AY840401
Cercospora apiicola,CBS 116458; CPC 10657,Apium graveolens,Apiaceae,South Korea: Kangnung,H.D. Shin,AY840537,AY840504,AY840468,AY840435,AY840402
Cercospora apiicola,CBS 132644; CPC 10248,Apiumsp.,Apiaceae,Venezuela: Caripe,N. Pons,AY840539,AY840506,AY840470,AY840437,AY840404
Cercospora apiicola,CBS 132651; CPC 10759,Apium graveolens,Apiaceae,South Korea: Namyangju,H.D. Shin,AY840544,AY840511,AY840475,AY840442,AY840409
Cercospora apiicola,CBS 132666; CPC 11642; GRE-4-2,Apiumsp.,Apiaceae,Greece,I. Vloutoglou,DQ233341,DQ233367,DQ233393,DQ233419,DQ233441
Cercospora apiicola,CPC 10220,Apiumsp.,Apiaceae,Venezuela: Caripe,N. Pons,AY840538,AY840505,AY840469,AY840436,AY840403
Cercospora apiicola,CPC 10265,Apiumsp.,Apiaceae,Venezuela: Caripe,N. Pons,AY840540,AY840507,AY840471,AY840438,AY840405
Cercospora apiicola,CPC 10266,Apiumsp.,Apiaceae,Venezuela: Caripe,N. Pons,AY840541,AY840508,AY840472,AY840439,AY840406
Cercospora apiicola,CPC 10279,Apiumsp.,Apiaceae,Venezuela: Caripe,N. Pons,AY840542,AY840509,AY840473,AY840440,AY840407
Cercospora apiicola,CPC 10666,Apiumsp.,Apiaceae,South Korea: Kangnung,H.D. Shin,AY840543,AY840510,AY840474,AY840441,AY840408
Cercospora apiicola,CPC 11641; GRE-3-2,Apiumsp.,Apiaceae,Greece,I. Vloutoglou,DQ233340,DQ233366,DQ233392,DQ233418,DQ233440
Cercospora armoraciae,CBS 115060; CPC 5366,Gaurasp.,Onagraceae,New Zealand,C.F. Hill,JX143538,JX143292,JX143046,JX142800,JX142554
Cercospora armoraciae,CBS 115394; CPC 5261,Nasturtium officinale(=Rorippa nasturtium-aquaticum),Brassicaceae,New Zealand: Auckland,C.F. Hill,JX143539,JX143293,JX143047,JX142801,JX142555
Cercospora armoraciae,CBS 115409; CPC 5359,Armoracia rusticana(=A. lapathifolia),Brassicaceae,New Zealand: Manurewa,C.F. Hill,JX143540,JX143294,JX143048,JX142802,JX142556
Cercospora armoraciae,CBS 132610; CPC 10811,Armoracia rusticana(=A. lapathifolia),Brassicaceae,South Korea: Suwon,H.D. Shin,JX143541,JX143295,JX143049,JX142803,JX142557
Cercospora armoraciae,CBS 132638; CPC 10100,Barbarea orthoceras,Brassicaceae,South Korea: Pocheon,H.D. Shin,JX143542,JX143296,JX143050,JX142804,JX142558
Cercospora armoraciae,CBS 132654; CPC 11338,Turritis glabra(≡Arabis glabra),Brassicaceae,South Korea: Hoengseong,H.D. Shin,JX143543,JX143297,JX143051,JX142805,JX142559
Cercospora armoraciae,CBS 132672; CPC 14612,Rorippa indica,Brassicaceae,South Korea: Jecheon,H.D. Shin,JX143544,JX143298,JX143052,JX142806,JX142560
Cercospora armoraciae,CBS 250.67; CPC 5088 (TYPE),Armoracia rusticana(=A. lapathifolia),Brassicaceae,Romania: Fundulea,O. Constantinescu,JX143545,JX143299,JX143053,JX142807,JX142561
Cercospora armoraciae,CBS 258.67; CPC 5061,Cardaria draba,Brassicaceae,Romania: Fundulea,O. Constantinescu,JX143546,JX143300,JX143054,JX142808,JX142562
Cercospora armoraciae,CBS 538.71; IMI 161109; CPC 5090,Berteroa incana,Brassicaceae,Romania: Hagieni,O. Constantinescu,JX143547,JX143301,JX143055,JX142809,JX142563
Cercospora armoraciae,CBS 540.71; IMI 161110; CPC 5060,Cardaria draba,Brassicaceae,Romania: Hagieni,O. Constantinescu,JX143548,JX143302,JX143056,JX142810,JX142564
Cercospora armoraciae,CBS 545.71; CPC 5056,Erysimum cuspidatum,Brassicaceae,Romania: Valea Mraconiei,O. Constantinescu,JX143549,JX143303,JX143057,JX142811,JX142565
Cercospora armoraciae,CBS 555.71; IMI 161117; CPC 5082,Coronilla varia,Fabaceae,Romania: Hagieni,O. Constantinescu,JX143550,JX143304,JX143058,JX142812,JX142566
Cercospora armoraciae,CPC 10133,Rorippa indica,Brassicaceae,South Korea: Wonju,H.D. Shin,JX143551,JX143305,JX143059,JX142813,JX142567
Cercospora armoraciae,CPC 11364,Turritis glabra(≡Arabis glabra),Brassicaceae,South Korea: Hoengseong,H.D. Shin,JX143552,JX143306,JX143060,JX142814,JX142568
Cercospora armoraciae,CPC 11530,Acacia mangium,Fabaceae,Thailand,W. Himaman,JX143553,JX143307,JX143061,JX142815,JX142569
Cercospora armoraciae,MUCC 768,Armoracia rusticana(=A. lapathifolia),Brassicaceae,Japan: Okinawa,C. Nakashima,JX143554,JX143308,JX143062,JX142816,JX142570
Cercospora beticola,CBS 113069; CPC 5369,Spinaciasp.,Chenopodiaceae,Botswana: Gaborone,L. Lebogang,DQ233325,DQ233351,DQ233377,DQ233403,DQ233429
Cercospora beticola,CBS 115478; CPC 5113,Limonium sinuatum,Plumbaginaceae,New Zealand: Auckland,C.F. Hill,DQ233326,DQ233352,DQ233378,DQ233404,DQ233430
Cercospora beticola,CBS 116.47; CPC 5074,Beta vulgaris,Chenopodiaceae,Netherlands: Northwest Brabant,G.E. Bunschoten,AY752135,AY752168,AY752196,AY752227,AY752258
Cercospora beticola,CBS 116454; CPC 11558,Beta vulgaris,Chenopodiaceae,Germany,S. Mittler,AY840526,AY840493,AY840457,AY840424,AY840391
Cercospora beticola,CBS 116456; CPC 11557 (TYPE),Beta vulgaris,Chenopodiaceae,Italy: Ravenna,V. Rossi,AY840527,AY840494,AY840458,AY840425,AY840392
Cercospora beticola,CBS 116501; CPC 11576,Beta vulgaris,Chenopodiaceae,Iran: Pakajik,A.A. Ravanlou,AY840528,AY840495,AY840459,AY840426,AY840393
Cercospora beticola,CBS 116502; CPC 11577,Beta vulgaris,Chenopodiaceae,Germany,S. Mittler,AY840529,AY840496,AY840460,AY840427,AY840394
Cercospora beticola,CBS 116503; CPC 11578,Beta vulgaris,Chenopodiaceae,Italy: Ravenna,V. Rossi,AY840530,AY840497,AY840461,AY840428,AY840395
Cercospora beticola,CBS 116505; CPC 11580,Beta vulgaris,Chenopodiaceae,France: Longvic,S. Garressus,AY840531,AY840498,AY840462,AY840429,AY840396
Cercospora beticola,CBS 116506; CPC 11581,Beta vulgaris,Chenopodiaceae,Netherlands,M. Groenewald,AY840532,AY840499,AY840463,AY840430,AY840397
Cercospora beticola,CBS 117.47,Beta vulgaris,Chenopodiaceae,Czech Republic,G.E. Bunschoten,DQ233322,DQ233348,DQ233374,DQ233400,DQ233426
Cercospora beticola,CBS 117556; CPC 10171,Beta vulgaris,Chenopodiaceae,New Zealand: Auckland,C.F. Hill,AY840534,AY840501,AY840465,AY840432,AY840399
Cercospora beticola,CBS 122.31; CPC 5072,Beta vulgaris,Chenopodiaceae,Germany: Gmain,E.W. Schmidt,AY752136,AY752169,AY752197,AY752228,AY752259
Cercospora beticola,CBS 123.31; CPC 5071,Beta vulgaris,Chenopodiaceae,Spain,E.W. Schmidt,AY840522,AY840489,AY840453,AY840420,AY840387
Cercospora beticola,CBS 123907; CPC 14616,Goniolimon tataricum,Plumbaginaceae,Bulgaria,S.G. Bobev,FJ473422,FJ473427,FJ473432,FJ473437,FJ473442
Cercospora beticola,CBS 123908; CPC 14620,Goniolimon tataricum,Plumbaginaceae,Bulgaria,S.G. Bobev,FJ473426,FJ473431,FJ473436,FJ473441,FJ473446
Cercospora beticola,CBS 124.31; CPC 5070,Beta vulgaris,Chenopodiaceae,Romania: Hagieni,E.W. Schmidt,AY840523,AY840490,AY840454,AY840421,AY840388
Cercospora beticola,CBS 125.31; CPC 5069,Beta vulgaris,Chenopodiaceae,–,E.W. Schmidt,AY840524,AY840491,AY840455,AY840422,AY840389
Cercospora beticola,CBS 126.31; CPC 5064,Beta vulgaris,Chenopodiaceae,Germany: Klein Wanzleben,E.W. Schmidt,AY840525,AY840492,AY840456,AY840423,AY840390
Cercospora beticola,CBS 132655; CPC 11341,Chrysanthemum segetum(=Ch. coronarium var. spatiosum),Asteraceae,South Korea: Namyangju,H.D. Shin,DQ233332,DQ233358,DQ233384,DQ233410,DQ233434
Cercospora beticola,CBS 132673; CPC 14617,Goniolimon tataricum,Plumbaginaceae,Bulgaria,S.G. Bobev,FJ473423,FJ473428,FJ473433,FJ473438,FJ473443
Cercospora beticola,CBS 539.71; CPC 5062,Beta vulgaris,Chenopodiaceae,Romania: Bucuresti,O. Constantinescu,DQ233323,DQ233349,DQ233375,DQ233401,DQ233427
Cercospora beticola,CBS 548.71; IMI 161115; CPC 5065,Malva pusilla,Malvaceae,Romania: Hagieni,O. Constantinescu & G. Negrean,DQ233324,DQ233350,DQ233376,DQ233402,DQ233428
Cercospora beticola,CPC 10166,Beta vulgaris,Chenopodiaceae,New Zealand,C.F. Hill,DQ233329,DQ233355,DQ233381,DQ233407,DQ026471
Cercospora beticola,CPC 10168,Beta vulgaris,Chenopodiaceae,New Zealand: Auckland,C.F. Hill,AY840533,AY840500,AY840464,AY840431,AY840398
Cercospora beticola,CPC 10195,Beta vulgaris,Chenopodiaceae,New Zealand,C.F. Hill,DQ233330,DQ233356,DQ233382,DQ233408,DQ026472
Cercospora beticola,CPC 10197,Beta vulgaris,Chenopodiaceae,New Zealand: Auckland,C.F. Hill,AY840535,AY840502,AY840466,AY840433,AY840400
Cercospora beticola,CPC 10204,Beta vulgaris,Chenopodiaceae,New Zealand: Auckland,C.F. Hill,DQ233331,DQ233357,DQ233383,DQ233409,DQ233433
Cercospora beticola,CPC 11344,Chrysanthemum segetum(=Ch. coronarium var. spatiosum),Asteraceae,South Korea: Namyangju,H.D. Shin,DQ233333,DQ233359,DQ233385,DQ233411,DQ233435
Cercospora beticola,CPC 12022,Beta vulgaris,Chenopodiaceae,Germany,S. Mittler,DQ233334,DQ233360,DQ233386,DQ233412,DQ233436
Cercospora beticola,CPC 12027,Beta vulgaris,Chenopodiaceae,Germany,S. Mittler,DQ233335,DQ233361,DQ233387,DQ233413,DQ026468
Cercospora beticola,CPC 12028,Beta vulgaris,Chenopodiaceae,Egypt,M. Hasem,DQ233336,DQ233362,DQ233388,DQ233414,DQ233437
Cercospora beticola,CPC 12029,Beta vulgaris,Chenopodiaceae,Egypt,M. Hasem,DQ233337,DQ233363,DQ233389,DQ233415,DQ233438
Cercospora beticola,CPC 12030,Beta vulgaris,Chenopodiaceae,Egypt,M. Hasem,DQ233338,DQ233364,DQ233390,DQ233416,DQ233439
Cercospora beticola,CPC 12031,Beta vulgaris,Chenopodiaceae,Germany,S. Mittler,DQ233339,DQ233365,DQ233391,DQ233417,DQ026470
Cercospora beticola,CPC 14618,Goniolimon tataricum,Plumbaginaceae,Bulgaria,S.G. Bobev,FJ473424,FJ473429,FJ473434,FJ473439,FJ473444
Cercospora beticola,CPC 14619,Goniolimon tataricum,Plumbaginaceae,Bulgaria,S.G. Bobev,FJ473425,FJ473430,FJ473435,FJ473440,FJ473445
Cercospora beticola,CPC 15623,Beta vulgaris,Chenopodiaceae,Mexico: Texcoco,Ma. de Jesús Yáñez-Morales,JX143555,JX143309,JX143063,JX142817,JX142571
Cercospora beticola,CPC 18813,Beta vulgaris,Chenopodiaceae,USA: California,S.T. Koike,JX143556,JX143310,JX143064,JX142818,JX142572
Cercospora beticola,CPC 5123,Apium graveolens,Apiaceae,New Zealand: Auckland,C.F. Hill,AY752134,AY752167,AY752195,AY752226,AY752257
Cercospora beticola,CPC 5125,Beta vulgaris,Chenopodiaceae,New Zealand: Auckland,C.F. Hill,AY752137,AY752170,AY752198,AY752229,AY752260
Cercospora beticola,CPC 5128,Beta vulgaris,Chenopodiaceae,New Zealand: Auckland,C.F. Hill,AY752138,AY752171,AY752199,AY752230,AY752261
Cercospora beticola,CPC 5370,Spinaciasp.,Chenopodiaceae,Botswana: Gaborone,L. Lebogang,DQ233328,DQ233354,DQ233380,DQ233406,DQ233432
Cercospora beticola,MUCC 568; MUCNS 320; MAFF 238206,Beta vulgaris,Chenopodiaceae,Japan: Chiba,S. Uematsu,JX143557,JX143311,JX143065,JX142819,JX142573
Cercospora beticola,MUCC 569; MAFF 305036,Beta vulgaris,Chenopodiaceae,Japan: Hokkaido,K. Goto,JX143558,JX143312,JX143066,JX142820,JX142574
Cercosporacf.brunkii,CBS 132657; CPC 11598,Geranium thunbergii(≡G. nepalensevar.thunbergii),Geraniaceae,South Korea: Namyangju,H.D. Shin,JX143559,JX143313,JX143067,JX142821,JX142575
Cercosporacf.brunkii,MUCC 732,Datura stramonium,Solanaceae,Japan: Wakayama,C. Nakashima & I. Araki,JX143560,JX143314,JX143068,JX142822,JX142576
Cercospora campi-silii,CBS 132625; CPC 14585,Impatiens noli-tangere,Balsaminaceae,South Korea: Inje,H.D. Shin,JX143561,JX143315,JX143069,JX142823,JX142577
Cercospora canescenscomplex,CBS 111133; CPC 1137,Vignasp.,Fabaceae,South Africa: Potchefstroom,S. van Wyk,AY260065,DQ835084,DQ835103,DQ835130,DQ835157
Cercospora canescenscomplex,CBS 111134; CPC 1138,Vignasp.,Fabaceae,South Africa: Potchefstroom,S. van Wyk,AY260066,DQ835085,DQ835104,DQ835131,DQ835158
Cercospora canescenscomplex,CBS 132658; CPC 11626; GHA-1-0,Dioscorea rotundata,Dioscoreaceae,Ghana,S. Nyako & A.O. Danquah,JX143562,JX143316,JX143070,JX142824,JX142578
Cercospora canescenscomplex,CBS 132659; CPC 11627; GHA-1-1,Dioscorea alata,Dioscoreaceae,Ghana,S. Nyako & A.O. Danquah,JX143563,JX143317,JX143071,JX142825,JX142579
Cercospora canescenscomplex,CBS 153.55; CPC 5059,Phaseolus lunatus(=Ph. limensis),Fabaceae,USA: Georgia,E.S. Luttrell,JX143564,JX143318,JX143072,JX142826,JX142580
Cercospora canescenscomplex,CPC 11628; GHA-2-1,Dioscorea rotundata,Dioscoreaceae,Ghana,S. Nyako & A.O. Danquah,JX143565,JX143319,JX143073,JX142827,JX142581
Cercospora canescenscomplex,CPC 11640; IMI 186563,Apiumsp.,Apiaceae,USA,–,JX143566,JX143320,JX143074,JX142828,JX142582
Cercospora canescenscomplex,CPC 15871,–,Malvaceae,Mexico: Tamaulipas,Ma. de Jesús Yáñez-Morales,JX143567,JX143321,JX143075,JX142829,JX142583
Cercospora canescenscomplex,CPC 4408; Q 160 IS2,Citrus maxima,Rutaceae,South Africa: Tsipise,K. Serfontein,AY260067,DQ835086,DQ835105,DQ835132,DQ835159
Cercospora canescenscomplex,CPC 4409,Citrus maxima,Rutaceae,South Africa: Tsipise,K. Serfontein,AY260068,DQ835087,DQ835106,DQ835133,DQ835160
Cercospora capsici,CBS 118712,Lesions on calyx attached to fruit,–,Fiji,P. Tyler,GU214653,JX143322,JX143076,JX142830,JX142584
Cercospora capsici,CBS 132622; CPC 14520,Capsicum annuum,Solanaceae,South Korea: Yanggu,H.D. Shin,JX143568,JX143323,JX143077,JX142831,JX142585
Cercospora capsici,CPC 12307,Capsicum annuum,Solanaceae,South Korea: Hongcheon,H.D. Shin,GU214654,JX143324,JX143078,JX142832,JX142586
Cercospora capsici,MUCC 574; MUCNS 810; MAFF 238227,Capsicum annuum,Solanaceae,Japan: Chiba,S. Uematsu,JX143569,JX143325,JX143079,JX142833,JX142587
Cercospora celosiae,CBS 132600; CPC 10660,Celosia argenteavar.cristata(≡C. cristata),Amaranthaceae,South Korea: Chuncheon,H.D. Shin,JX143570,JX143326,JX143080,JX142834,JX142588
Cercospora chenopodii,CBS 132620; CPC 14237,Chenopodium cf. album,Chenopodiaceae,France: Ardeche,P.W. Crous,JX143571,JX143327,JX143081,JX142835,JX142589
Cercosporacf.chenopodii,CBS 132594; CPC 10304 (TYPE),Chenopodium ficifolium,Chenopodiaceae,South Korea: Hongcheon,H.D. Shin,JX143572,JX143328,JX143082,JX142836,JX142590
Cercosporacf.chenopodii,CBS 132677; CPC 15599,Chenopodiumsp.,Chenopodiaceae,Mexico: Montecillo,Ma. de Jesús Yáñez-Morales,JX143573,JX143329,JX143083,JX142837,JX142591
Cercosporacf.chenopodii,CPC 12450,Chenopodium ficifolium,Chenopodiaceae,South Korea: Hongcheon,H.D. Shin,JX143574,JX143330,JX143084,JX142838,JX142592
Cercosporacf.chenopodii,CPC 15763,Chenopodiumsp.,Chenopodiaceae,Mexico: Montecillo,Ma. de Jesús Yáñez-Morales,JX143575,JX143331,JX143085,JX142839,JX142593
Cercosporacf.chenopodii,CPC 15859,Chenopodiumsp.,Chenopodiaceae,Mexico: Purificacion,Ma. de Jesús Yáñez-Morales,JX143576,JX143332,JX143086,JX142840,JX142594
Cercosporacf.chenopodii,CPC 15862,Chenopodiumsp.,Chenopodiaceae,Mexico: Purificacion,Ma. de Jesús Yáñez-Morales,JX143577,JX143333,JX143087,JX142841,JX142595
Cercospora chinensis,CBS 132612; CPC 10831,Polygonatum humile,Convallariaceae,South Korea: Pyeongchang,H.D. Shin,JX143578,JX143334,JX143088,JX142842,JX142596
Cercosporacf.citrulina,CBS 119395; CPC 12682,Musasp.,Musaceae,Bangladesh: Western,I. Buddenhagen,EU514222,JX143335,JX143089,JX142843,JX142597
Cercosporacf.citrulina,CBS 132669; CPC 12683,Musa sp.,Musaceae,Bangladesh: Western,I. Buddenhagen,EU514223,JX143336,JX143090,JX142844,JX142598
Cercosporacf.citrulina,MUCC 576; MUCNS 300; MAFF 237913,Citrullus lanatus,Cucurbitaceae,Japan: Okinawa,T. Kobayashion et al.,JX143579,JX143337,JX143091,JX142845,JX142599
Cercosporacf.citrulina,MUCC 577; MUCNS 254; MAFF 238205,Momordica charanthia,Cucurbitaceae,Japan: Kagoshima,E. Imaizumi & C. Nomi,JX143580,JX143338,JX143092,JX142846,JX142600
Cercosporacf.citrulina,MUCC 584; MAFF 305757,Psophocarpus tetragonolobus,Fabaceae,Japan: Okinawa,–,JX143581,JX143339,JX143093,JX142847,JX142601
Cercosporacf.citrulina,MUCC 588; MAFF 239409,Ipomoea pes-caprae,Convolvulaceae,Japan: Okinawa,–,JX143582,JX143340,JX143094,JX142848,JX142602
Cercospora coniogrammes,CBS 132634; CPC 17017 (TYPE),Coniogramme japonicavar.gracilis(≡C. gracilis),Adiantaceae,Australia: Queensland,P.W. Crous,JX143583,JX143341,JX143095,JX142849,JX142603
Cercospora corchori,MUCC 585; MUCNS 72; MAFF 238191 (TYPE),Corchorus olitorius,Tiliaceae,Japan: Shimane,T. Mikami,JX143584,JX143342,JX143096,JX142850,JX142604
Cercosporacf.coreopsidis,CBS 132598; CPC 10648,Coreopsis lanceolata,Asteraceae,South Korea: Seoul,H.D. Shin,JX143585,JX143343,JX143097,JX142851,JX142605
Cercosporacf.coreopsidis,CPC 10122,Coreopsis lanceolata,Asteraceae,South Korea: Wonju,H.D. Shin,JX143586,JX143344,JX143098,JX142852,JX142606
Cercospora delaireae,CBS 132595; CPC 10455; GV2 PPRI number: C558 (TYPE),Delairea odorata(=Senecio mikanioides),Asteraceae,South Africa: Long TomcPass,S. Neser,JX143587,JX143345,JX143099,JX142853,JX142607
Cercospora delaireae,CPC 10627,Delairea odorata(=Senecio mikanioides),Asteraceae,South Africa: Plettenberg Bay,C.L. Lennox,JX143588,JX143346,JX143100,JX142854,JX142608
Cercospora delaireae,CPC 10628,Delairea odorata(=Senecio mikanioides),Asteraceae,South Africa: Plettenberg Bay,C.L. Lennox,JX143589,JX143347,JX143101,JX142855,JX142609
Cercospora delaireae,CPC 10629,Delairea odorata(=Senecio mikanioides),Asteraceae,South Africa: Plettenberg Bay,C.L. Lennox,JX143590,JX143348,JX143102,JX142856,JX142610
Cercospora dispori,CBS 132608; CPC 10773,Disporum viridescens,Convallariaceae,South Korea: Pyeongchang,H.D. Shin,JX143591,JX143349,JX143103,JX142857,JX142611
Cercosporacf.erysimi,CBS 115059; CPC 5361,Erysimum mutabile,Brassicaceae,New Zealand: Manurewa,C.F. Hill,JX143592,JX143350,JX143104,JX142858,JX142612
Cercospora euphorbiaesieboldianae,CBS 113306(TYPE),Euphorbia sieboldiana,Euphorbiaceae,South Korea: Samcheok,H.D. Shin,JX143593,JX143351,JX143105,JX142859,JX142613
Cercospora fagopyri,CBS 132623; CPC 14541 (TYPE),Fagopyrum esculentum,Polygonaceae,South Korea: Yangpyeong,H.D. Shin,JX143594,JX143352,JX143106,JX142860,JX142614
Cercospora fagopyri,CBS 132640; CPC 10109,Fallopia dumentorum,Polygonaceae,South Korea: Yangpyeong,H.D. Shin,JX143595,JX143353,JX143107,JX142861,JX142615
Cercospora fagopyri,CBS 132649; CPC 10725,Viola mandschurica,Violaceae,South Korea: Suwon,H.D. Shin,JX143596,JX143354,JX143108,JX142862,JX142616
Cercospora fagopyri,CBS 132671; CPC 14546,Cercis chinensis,Fabaceae,South Korea: Yangpyeong,H.D. Shin,JX143597,JX143355,JX143109,JX142863,JX142617
Cercospora fagopyri,MUCC 130,Cosmos bipinnata,Asteraceae,Japan: Ehime,J. Nishikawa,JX143598,JX143356,JX143110,JX142864,JX142618
Cercospora fagopyri,MUCC 866,Hibiscus syriacus,Malvaceae,Japan: Ehime,J. Nishikawa,JX143599,JX143357,JX143111,JX142865,JX142619
Cercosporacf.flagellaris,CBS 113127; RC3766; TX-18,Eichhornia crassipes,Pontederiaceae,USA: Texas,D. Tessmann & R. Charudattan,DQ835075,AF146147,DQ835121,DQ835148,DQ835175
Cercosporacf.flagellaris,CBS 115482; A207 Bs+; CPC 4410,Citrussp.,Rutaceae,South Africa: Messina,M.C. Pretorius,AY260070,DQ835095,DQ835114,DQ835141,DQ835168
Cercosporacf.flagellaris,CBS 132637; CPC 10079,Tracheliumsp.,Campanulaceae,Israel,E. Tzul-Abad,JX143600,JX143358,JX143112,JX142866,JX142620
Cercosporacf.flagellaris,CBS 132646; CPC 10681,Cichorium intybus,Asteraceae,South Korea: Suwon,H.D. Shin,JX143601,JX143359,JX143113,JX142867,JX142621
Cercosporacf.flagellaris,CBS 132648; CPC 10722,Amaranthus patulus,Amaranthaceae,South Korea: Namyangju,H.D. Shin,JX143602,JX143360,JX143114,JX142868,JX142622
Cercosporacf.flagellaris,CBS 132653; CPC 10884,Dysphania ambrosioides(≡Chenopodium ambrosioides),Chenopodiaceae,South Korea: Jeju,H.D. Shin,JX143603,JX143361,JX143115,JX142869,JX142623
Cercosporacf.flagellaris,CBS 132667; CPC 11643,Celosia argenteavar.cristata(≡C. cristata),Amaranthaceae,South Korea: Hoengseong,H.D. Shin,JX143604,JX143362,JX143116,JX142870,JX142624
Cercosporacf.flagellaris,CBS 132670; CPC 14487,Sigesbeckia pubescens,Asteraceae,South Korea: Yanggu,H.D. Shin,JX143605,JX143363,JX143117,JX142871,JX142625
Cercosporacf.flagellaris,CBS 132674; CPC 14723,Phytolacca americana,Phytolaccaceae,South Korea: Jeju,H.D. Shin,JX143606,JX143364,JX143118,JX142872,JX142626
Cercosporacf.flagellaris,CBS 143.51; CPC 5055,Bromussp.,Poaceae,–,M.D. Whitehead,JX143607,JX143365,JX143119,JX142873,JX142627
Cercosporacf.flagellaris,CPC 10124,Phytolacca americana,Phytolaccaceae,South Korea: Pocheon,H.D. Shin,JX143608,JX143366,JX143120,JX142874,JX142628
Cercosporacf.flagellaris,CPC 1051,Populus deltoides,Salicaceae,South Africa,P.W. Crous,AY260069,JX143367,JX143121,JX142875,JX142629
Cercosporacf.flagellaris,CPC 1052,Populus deltoides,Salicaceae,South Africa,P.W. Crous,JX143609,JX143368,JX143122,JX142876,JX142630
Cercosporacf.flagellaris,CPC 10684,Phytolacca americana,Phytolaccaceae,South Korea: Jinju,H.D. Shin,JX143610,JX143369,JX143123,JX142877,JX142631
Cercosporacf.flagellaris,CPC 4411; Q207 F5,Citrussp.,Rutaceae,South Africa: Messina,M.C. Pretorius,AY260071,DQ835098,DQ835118,DQ835145,DQ835172
Cercosporacf.flagellaris,CPC 5441,Amaranthussp.,Amaranthaceae,Fiji,C.F. Hill,JX143611,JX143370,JX143124,JX142878,JX142632
Cercosporacf.flagellaris,MUCC 127,Cosmos sulphureus,Asteraceae,Japan: Ehime,J. Nishikawa,JX143612,JX143371,JX143125,JX142879,JX142633
Cercosporacf.flagellaris,MUCC 735,Hydrangea serrata,Hydrangeaceae,Japan: Wakayama,C. Nakashima & I. Araki,JX143613,JX143372,JX143126,JX142880,JX142634
Cercosporacf.flagellaris,MUCC 831,Hydrangea serrata,Hydrangeaceae,Japan: Tokyo,I. Araki & M. Harada,JX143614,JX143373,JX143127,JX142881,JX142635
Cercosporacf.helianthicola,MUCC 716,Helianthus tuberosus,Asteraceae,Japan: Wakayama,C. Nakashima & I. Araki,JX143615,JX143374,JX143128,JX142882,JX142636
Cercosporacf.ipomoeae,CBS 132639; CPC 10102,Persicaria thunbergii,Polygonaceae,South Korea: Pocheon,H.D. Shin,JX143616,JX143375,JX143129,JX142883,JX142637
Cercosporacf.ipomoeae,CBS 132652; CPC 10833,Ipomoea nil(=I. hederacea),Convolvulaceae,South Korea: Chuncheon,H.D. Shin,JX143617,JX143376,JX143130,JX142884,JX142638
Cercosporacf.ipomoeae,MUCC 442,Ipomoea aquatica,Convolvulaceae,Japan: Kagawa,G. Kizaki,JX143618,JX143377,JX143131,JX142885,JX142639
Cercospora kikuchii,CBS 128.27; CPC 5068 (TYPE),Glycine soja,Fabaceae,Japan,T. Matsumoto,DQ835070,DQ835088,DQ835107,DQ835134,DQ835161
Cercospora kikuchii,CBS 132633; CPC 16578,Glycine max,Fabaceae,Argentina,–,JX143619,JX143378,JX143132,JX142886,JX142640
Cercospora kikuchii,CBS 135.28; CPC 5067,Glycine soja,Fabaceae,Japan,H.W. Wollenweber,DQ835071,DQ835089,DQ835108,DQ835135,DQ835162
Cercospora kikuchii,MUCC 590; MAFF 305040,Glycine soja,Fabaceae,Japan: Kagoshima,H. Kurata,JX143620,JX143379,JX143133,JX142887,JX142641
Cercospora lactucae-sativae,CBS 132604; CPC 10728,Ixeris chinensissubsp.strigosa(≡Ixeris strigosa),Asteraceae,South Korea: Chuncheon,H.D. Shin,JX143621,JX143380,JX143134,JX142888,JX142642
Cercospora lactucae-sativae,CPC 10082,Ixeris chinensis subsp. strigosa(≡Ixeris strigosa),Asteraceae,South Korea: Chuncheon,H.D. Shin,JX143622,JX143381,JX143135,JX142889,JX142643
Cercospora lactucae-sativae,MUCC 570; MUCN S463; MAFF 238209,Lactuca sativa,Asteraceae,Japan: Chiba,C. Nakashima,JX143623,JX143382,JX143136,JX142890,JX142644
Cercospora lactucae-sativae,MUCC 571; MUCNS 214; MAFF 237719,Lactuca sativa,Asteraceae,Japan: Chiba,S. Uematsu,JX143624,JX143383,JX143137,JX142891,JX142645
Cercosporacf.malloti,MUCC 575; MUCNS 582; MAFF 237872,Cucumis melo,Cucurbitaceae,Japan: Okinawa,K. Uehara,JX143625,JX143384,JX143138,JX142892,JX142646
Cercosporacf.malloti,MUCC 787,Mallotus japonicus,Euphorbiaceae,Japan: Okinawa,C. Nakashima & T. Akashi,JX143626,JX143385,JX143139,JX142893,JX142647
Cercospora mercurialis,CBS 549.71,Mercurialis annua,Euphorbiaceae,Romania: Cheia,O. Constantinescu,JX143627,JX143386,JX143140,JX142894,JX142648
Cercospora mercurialis,CBS 550.71(TYPE),Mercurialis perennis,Euphorbiaceae,Romania: Cheia,O. Constantinescu,JX143628,JX143387,JX143141,JX142895,JX142649
Cercospora mercurialis,CBS 551.71,Mercurialis ovata,Euphorbiaceae,Romania: Hagieni,O. Constantinescu & G. Negrean,JX143629,JX143388,JX143142,JX142896,JX142650
Cercosporacf.modiolae,CPC 5115,Modiola caroliniana,Malvaceae,New Zealand,C.F. Hill,JX143630,JX143389,JX143143,JX142897,JX142651
Cercosporacf.nicotianae,CBS 131.32; CPC 5076,Nicotiana tabacum,Solanaceae,Indonesia: Medan,H. Diddens & A. Jaarsveld,DQ835073,DQ835099,DQ835119,DQ835146,DQ835173
Cercosporacf.nicotianae,CBS 132632; CPC 15918,Glycine max,Fabaceae,Mexico: Tamaulipas,Ma. de Jesús Yáñez-Morales,JX143631,JX143390,JX143144,JX142898,JX142652
Cercosporacf.nicotianae,CBS 570.69; CPC 5075,Nicotiana tabacum,Solanaceae,Nigeria,S.O. Alasoadura,DQ835074,DQ835100,DQ835120,DQ835147,DQ835174
Cercospora olivascens,CBS 253.67; IMI 124975; CPC 5085 (TYPE),Aristolochia clematidis,Aristolochiaceae,Romania: Cazanele Dunarii,O. Constantinescu,JX143632,JX143391,JX143145,JX142899,JX142653
Cercosporacf.physalidis,CBS 765.79,Solanum tuberosum,Solanaceae,Peru,L.J. Turkensteen,JX143633,JX143392,JX143146,JX142900,JX142654
Cercospora pileicola,CBS 132607; CPC 10749 (TYPE),Pilea pumila(=P. mongolica),Urticaceae,South Korea: Dongducheon,H.D. Shin,JX143634,JX143393,JX143147,JX142901,JX142655
Cercospora pileicola,CBS 132647; CPC 10693,Pilea hamaoi(≡P. pumilavar.hamaoi),Urticaceae,South Korea: Hoengseong,H.D. Shin,JX143635,JX143394,JX143148,JX142902,JX142656
Cercospora pileicola,CPC 11369,Pilea pumila(=P. mongolica),Urticaceae,South Korea: Hongcheon,H.D. Shin,JX143636,JX143395,JX143149,JX142903,JX142657
Cercospora polygonacea,CBS 132614; CPC 11318,Persicaria longiseta(≡P. blumei),Polygonaceae,South Korea: Cheongju,H.D. Shin,JX143637,JX143396,JX143150,JX142904,JX142658
Cercospora punctiformis,CBS 132626; CPC 14606,Cynanachum wilfordii,Asclepiadaceae,South Korea: Bonghwa,H.D. Shin,JX143638,JX143397,JX143151,JX142905,JX142659
Cercosporacf.resedae,CBS 118793,Reseda odorata,Resedaceae,New Zealand: Auckland,C.F. Hill,JX143639,JX143398,JX143152,JX142906,JX142660
Cercosporacf.resedae,CBS 257.67; CPC 5057,Helianthemumsp.,Cistaceae,Romania: Bucuresti,O. Constantinescu,DQ233319,DQ233343,DQ233369,DQ233395,DQ233421
Cercosporacf.richardiicola,CBS 132627; CPC 14680,Ajuga multiflora,Lamiaceae,South Korea: Incheon,H.D. Shin,JX143640,JX143399,JX143153,JX142907,JX142661
Cercosporacf.richardiicola,MUCC 128,Tagetes erecta,Asteraceae,Japan: Ehime,J. Nishikawa,JX143641,JX143400,JX143154,JX142908,JX142662
Cercosporacf.richardiicola,MUCC 132,Osteospermumsp.,Asteraceae,Japan: Shizuoka,J. Nishikawa,JX143642,JX143401,JX143155,JX142909,JX142663
Cercosporacf.richardiicola,MUCC 138,Fuchsia×hybrida,Onagraceae,Japan: Shizuoka,J. Nishikawa,JX143643,JX143402,JX143156,JX142910,JX142664
Cercosporacf.richardiicola,MUCC 578; MAFF 238210,Zantedeschiasp.,Araceae,Japan: Ehime,J. Nishikawa,JX143644,JX143403,JX143157,JX142911,JX142665
Cercosporacf.richardiicola,MUCC 582; MAFF 238880,Gerbera hybrida,Asteraceae,Japan: Shizuoka,J. Takeuchi,JX143645,JX143404,JX143158,JX142912,JX142666
Cercospora ricinella,CBS 132605; CPC 10734,Ricinus communis,Euphorbiaceae,South Korea: Chuncheon,H.D. Shin,JX143646,JX143405,JX143159,JX142913,JX142667
Cercospora ricinella,CPC 10104,Ricinus communis,Euphorbiaceae,South Korea: Chuncheon,H.D. Shin,JX143647,JX143406,JX143160,JX142914,JX142668
Cercospora rodmanii,CBS 113123; RC3660; 28-1,Eichhornia crassipes,Pontederiaceae,Brazil: Rio Verde,R. Charudattan,DQ835076,AF146136,DQ835122,DQ835149,DQ835176
Cercospora rodmanii,CBS 113124; RC2867,Eichhornia crassipes,Pontederiaceae,Mexico: Carretero,R. Charudattan,DQ835077,AF146137,DQ835123,DQ835150,DQ835177
Cercospora rodmanii,CBS 113125; RC4101; 400,Eichhornia crassipes,Pontederiaceae,Zambia,M. Morris,DQ835078,AF146146,DQ835124,DQ835151,DQ835178
Cercospora rodmanii,CBS 113126; RC3409; 62-2,Eichhornia crassipes,Pontederiaceae,Brazil: Oroco,R. Charudattan,DQ835079,AF146138,DQ835125,DQ835152,DQ835179
Cercospora rodmanii,CBS 113128; RC394; WH83,Eichhornia crassipes,Pontederiaceae,USA: Florida,R. Charudattan,DQ835080,AF146142,DQ835126,DQ835153,DQ835180
Cercospora rodmanii,CBS 113129; RC397; WH9-BR,Eichhornia crassipes,Pontederiaceae,USA: Florida,K. Conway,DQ835081,AF146143,DQ835127,DQ835154,DQ835181
Cercospora rodmanii,CBS 113130; RC393; WHK,Eichhornia crassipes,Pontederiaceae,USA: Florida,R. Charudattan,DQ835082,AF146144,DQ835128,DQ835155,DQ835182
Cercospora rodmanii,CBS 113131; RC395; WHV,Eichhornia crassipes,Pontederiaceae,Venezuela: Maracay,R. Charudattan,DQ835083,AF146148,DQ835129,DQ835156,DQ835183
Cercospora rumicis,CPC 5439,Rumex sanguineus,Polygonaceae,New Zealand: Manurewa,C.F. Hill,JX143648,JX143407,JX143161,JX142915,JX142669
Cercospora senecioniswalkeri,CBS 132636; CPC 19196,Senecio walkeri,Asteraceae,Laos,P. Phengsintham,JX143649,JX143408,JX143162,JX142916,JX142670
Cercosporacf.sigesbeckiae,CBS 132601; CPC 10664,Sigesbeckia glabrescens,Asteraceae,South Korea: Chuncheon,H.D. Shin,JX143650,JX143409,JX143163,JX142917,JX142671
Cercosporacf.sigesbeckiae,CBS 132606; CPC 10740,Paulownia coreana,Scrophulariaceae,South Korea: Namyangju,H.D. Shin,JX143651,JX143410,JX143164,JX142918,JX142672
Cercosporacf.sigesbeckiae,CBS 132621; CPC 14489,Sigesbeckia pubescens,Asteraceae,South Korea: Yanggu,H.D. Shin,JX143652,JX143411,JX143165,JX142919,JX142673
Cercosporacf.sigesbeckiae,CBS 132641; CPC 10117,Persicaria orientalis(=P. cochinchinensis),Polygonaceae,South Korea: Chuncheon,H.D. Shin,JX143653,JX143412,JX143166,JX142920,JX142674
Cercosporacf.sigesbeckiae,CBS 132642; CPC 10128,Pilea pumila(=P. mongolica),Urticaceae,South Korea: Hongcheon,H.D. Shin,JX143654,JX143413,JX143167,JX142921,JX142675
Cercosporacf.sigesbeckiae,CBS 132675; CPC 14726,Malva verticillata,Malvaceae,South Korea: Yanggu,H.D. Shin,JX143655,JX143414,JX143168,JX142922,JX142676
Cercosporacf.sigesbeckiae,MUCC 587; MUCNS 197; MAFF 237690,Begoniasp.,Begoniaceae,Japan: Chiba,S. Uematsu,JX143656,JX143415,JX143169,JX142923,JX142677
Cercosporacf.sigesbeckiae,MUCC 589; MAFF 305039,Glycine max,Fabaceae,Japan: Saitama,H. Kurata,JX143657,JX143416,JX143170,JX142924,JX142678
Cercosporacf.sigesbeckiae,MUCC 849,Dioscorea tokoro,Dioscoreaceae,Japan: Tokyo,I. Araki,JX143658,JX143417,JX143171,JX142925,JX142679
Cercospora sojina,CBS 132018; CPC 12322,Glycine soja,Fabaceae,South Korea: Hoengseong,H.D. Shin,GU214655,JX143418,JX143172,JX142926,JX142680
Cercospora sojina,CBS 132615; CPC 11353 (TYPE),Glycine soja,Fabaceae,South Korea: Hongcheon,H.D. Shin,JX143659,JX143419,JX143173,JX142927,JX142681
Cercospora sojina,"CBS 132684; CPC 17971; CCC 173-09, 09-495",Glycine max,Fabaceae,Argentina,F. Scandiani,JX143660,JX143420,JX143174,JX142928,JX142682
Cercospora sojina,CPC 11420,Glycine soja,Fabaceae,South Korea: Hongcheon,H.D. Shin,JX143661,JX143421,JX143175,JX142929,JX142683
Cercospora sojina,"CPC 17964; CCC 155-09, 09-285-5",Glycine max,Fabaceae,Argentina,F. Scandiani,JX143662,JX143422,JX143176,JX142930,JX142684
Cercospora sojina,"CPC 17965; CCC 156-09, 09-285-4",Glycine max,Fabaceae,Argentina,F. Scandiani,JX143663,JX143423,JX143177,JX142931,JX142685
Cercospora sojina,"CPC 17966; CCC 157-09, 09-285-3",Glycine max,Fabaceae,Argentina,F. Scandiani,JX143664,JX143424,JX143178,JX142932,JX142686
Cercospora sojina,"CPC 17967; CCC 158-09, 09-285-1",Glycine max,Fabaceae,Argentina,F. Scandiani,JX143665,JX143425,JX143179,JX142933,JX142687
Cercospora sojina,"CPC 17968; CCC 159-09, 09-285-7",Glycine max,Fabaceae,Argentina,F. Scandiani,JX143666,JX143426,JX143180,JX142934,JX142688
Cercospora sojina,"CPC 17969; CCC 167-09, 09-881",Glycine max,Fabaceae,Argentina,N. Formento,JX143667,JX143427,JX143181,JX142935,JX142689
Cercospora sojina,"CPC 17970; CCC 172-09, 09-320",Glycine max,Fabaceae,Argentina,F. Scandiani,JX143668,JX143428,JX143182,JX142936,JX142690
Cercospora sojina,"CPC 17972; CCC 174-09,",Glycine max,Fabaceae,Argentina,S. Piubello,JX143669,JX143429,JX143183,JX142937,JX142691
Cercospora sojina,"CPC 17973; CCC 176-09, 09-882",Glycine max,Fabaceae,Argentina,N. Formento,JX143670,JX143430,JX143184,JX142938,JX142692
Cercospora sojina,"CPC 17974; CCC 177-09, 09-2488-1",Glycine max,Fabaceae,Argentina,F. Scandiani,JX143671,JX143431,JX143185,JX142939,JX142693
Cercospora sojina,"CPC 17975; CCC 178-09, 09-1438-2",Glycine max,Fabaceae,Argentina,F. Scandiani,JX143672,JX143432,JX143186,JX142940,JX142694
Cercospora sojina,"CPC 17976; CCC 179-09, 09-2591",Glycine max,Fabaceae,Argentina,F. Scandiani,JX143673,JX143433,JX143187,JX142941,JX142695
Cercospora sojina,"CPC 17977; CCC 180-09, 09-2520",Glycine max,Fabaceae,Argentina,F. Scandiani,JX143674,JX143434,JX143188,JX142942,JX142696
Cercosporasp. A,CBS 132631; CPC 15872,Chenopodiumsp.,Chenopodiaceae,Mexico,Ma. de Jesús Yáñez-Morales,JX143675,JX143435,JX143189,JX142943,JX142697
Cercosporasp. B,CBS 132602; CPC 10687,Ipomoea purpurea,Convolvulaceae,South Korea: Kangnung,H.D. Shin,JX143676,JX143436,JX143190,JX142944,JX142698
Cercosporasp. C,CBS 132629; CPC 15841,–,Compositae,Mexico: Montecillo,Ma. de Jesús Yáñez-Morales,JX143677,JX143437,JX143191,JX142945,JX142699
Cercosporasp. D,CBS 132630; CPC 15856,–,–,Mexico,Ma. de Jesús Yáñez-Morales,JX143678,JX143438,JX143192,JX142946,JX142700
Cercosporasp. E,CBS 132628; CPC 15632,Unidentified wild plant,–,Mexico: Montecillo,Ma. de Jesús Yáñez-Morales,JX143679,JX143439,JX143193,JX142947,JX142701
Cercosporasp. E,CPC 15801,Unidentified wild plant,–,Mexico: Montecillo,Ma. de Jesús Yáñez-Morales,JX143680,JX143440,JX143194,JX142948,JX142702
Cercosporasp. F,CBS 132618; CPC 12062,Zea mays,Poaceae,South Africa,P. Caldwell,DQ185071,DQ185083,DQ185095,DQ185107,DQ185119
Cercosporasp. G,CBS 115518; CPC 5360,Bidens frondosa,Asteraceae,New Zealand: Kopuku,C.F. Hill,JX143681,JX143441,JX143195,JX142949,JX142703
Cercosporasp. G,CPC 5438,Salvia viscosa,Lamiaceae,New Zealand: Manurewa,C.F. Hill,JX143682,JX143442,JX143196,JX142950,JX142704
Cercosporasp. H,CBS 115205; CPC 5116,Dichondra repens,Convolvulaceae,New Zealand,C.F. Hill,JX143683,JX143443,JX143197,JX142951,JX142705
Cercosporasp. H,CPC 11620,Chamelaucium uncinatum,Myrtaceae,Argentina,S. Wolcan,JX143684,JX143444,JX143198,JX142952,JX142706
Cercosporasp. I,CBS 114815; CPC 5364,Deutzia purpurascens,Hydrangeaceae,New Zealand: Manurewa,C.F. Hill,JX143685,JX143445,JX143199,JX142953,JX142707
Cercosporasp. I,CBS 114816; CPC 5363,Deutzia×rosea(=D. gracilis×purpurascens),Hydrangeaceae,New Zealand: Manurewa,C.F. Hill,JX143686,JX143446,JX143200,JX142954,JX142708
Cercosporasp. I,CBS 114817; CPC 5365,Fuchsia procumbens,Onagraceae,New Zealand: Manurewa,C.F. Hill,JX143687,JX143447,JX143201,JX142955,JX142709
Cercosporasp. I,CBS 114818; CPC 5362,Deutzia crenata,Hydrangeaceae,New Zealand: Manurewa,C.F. Hill,JX143688,JX143448,JX143202,JX142956,JX142710
Cercosporasp. I,CBS 115117,Archontophoenix cunninghamiana,Arecaceae (Palmae),New Zealand: Whangarei,C.F. Hill,JX143689,JX143449,JX143203,JX142957,JX142711
Cercosporasp. I,CBS 115121,Gunnera tinctoria,Gunneraceae,New Zealand: Mt Albert,C.F. Hill,JX143690,JX143450,JX143204,JX142958,JX142712
Cercosporasp. I,CBS 132597; CPC 10615,Coreopsis verticillata,Asteraceae,New Zealand: Manurewa,C.F. Hill,JX143691,JX143451,JX143205,JX142959,JX142713
Cercosporasp. I,CBS 132643; CPC 10138,Ajuga multiflora,Lamiaceae,South Korea: Suwon,H.D. Shin,JX143692,JX143452,JX143206,JX142960,JX142714
Cercosporasp. I,CPC 10616,Coreopsis verticillata,Asteraceae,New Zealand: Manurewa,C.F. Hill,JX143693,JX143453,JX143207,JX142961,JX142715
Cercosporasp. I,CPC 5440,Nicotianasp.,Solanaceae,New Zealand: Manurewa,C.F. Hill,JX143694,JX143454,JX143208,JX142962,JX142716
Cercosporasp. J,MUCC 541,Antirrhinum majus,Plantaginaceae,Japan: Aichi,M.Matsusaki,JX143695,JX143455,JX143209,JX142963,JX142717
Cercosporasp. K,CBS 132603; CPC 10719,Ipomoea coccinea(≡Quamoclit coccinea),Convolvulaceae,South Korea: Namyangju,H.D. Shin,JX143696,JX143456,JX143210,JX142964,JX142718
Cercosporasp. K,CPC 10094,Ipomoea coccinea(≡Quamoclit coccinea),Convolvulaceae,South Korea: Namyangju,H.D. Shin,JX143697,JX143457,JX143211,JX142965,JX142719
Cercosporasp. K,CPC 12391,Ipomoea coccinea(≡Quamoclit coccinea),Convolvulaceae,South Korea: Namyangju,H.D. Shin,JX143698,JX143458,JX143212,JX142966,JX142720
Cercosporasp. L,CBS 115477; CPC 5114,Crepis capillaris,Asteraceae,New Zealand,C.F. Hill,JX143699,JX143459,JX143213,JX142967,JX142721
Cercosporasp. M,CBS 132596; CPC 10553,Acacia mangium,Fabaceae,Thailand: Sanamchaikhet,K. Pongpanich,JX143700,AY752175,AY752203,AY752234,AY752265
Cercosporasp. N,CBS 132619; CPC 12684,Musasp.,Musaceae,Bangladesh: Western,I. Buddenhagen,EU514224,JX143460,JX143214,JX142968,JX142722
Cercosporasp. O,CBS 132635; CPC 18636,Musasp.,Musaceae,Thailand: Mae Klang Loung,P.W. Crous,JX143701,JX143461,JX143215,JX142969,JX142723
Cercosporasp. P,CBS 112649; CPC 3946,"Citrussp., leaf spot",Rutaceae,Swaziland,M.C. Pretorius,AY260072,DQ835090,DQ835109,DQ835136,DQ835163
Cercosporasp. P,CBS 112722; CPC 3947,"Citrussp., leaf spot",Rutaceae,Swaziland,M.C. Pretorius,AY260073,DQ835091,DQ835110,DQ835137,DQ835164
Cercosporasp. P,CBS 112728; CPC 3949,Citrus×sinensis(≡C. aurantiumvar.sinensis),Rutaceae,South Africa: Komatipoort,M.C. Pretorius,AY260076,DQ835092,DQ835111,DQ835138,DQ835165
Cercosporasp. P,CBS 112730; CPC 3948,Citrus×sinensis(≡C. aurantiumvar.sinensis),Rutaceae,South Africa: Komatipoort,M.C. Pretorius,AY260075,DQ835093,DQ835112,DQ835139,DQ835166
Cercosporasp. P,CBS 112894; CPC 3950,Citrus×sinensis(≡C. aurantiumvar.sinensis),Rutaceae,South Africa: Komatipoort,M.C. Pretorius,AY260077,DQ835094,DQ835113,DQ835140,DQ835167
Cercosporasp. P,CBS 113996; CPC 5326,Cajanus cajan,Fabaceae,South Africa: Nelspruit,L. van Jaarsveld,JX143702,JX143462,JX143216,JX142970,JX142724
Cercosporasp. P,CBS 115413; CPC 5328,Cajanus cajan,Fabaceae,South Africa: Nelspruit,L. van Jaarsveld,JX143703,JX143463,JX143217,JX142971,JX142725
Cercosporasp. P,CBS 115609; CPC 3945,"Citrussp., leaf spot",Rutaceae,Swaziland,M.C. Pretorius,AY260074,DQ835096,DQ835115,DQ835142,DQ835169
Cercosporasp. P,CBS 116365; CPC 10526 (TYPE),Acacia mangium,Fabaceae,Thailand,M.J. Wingfield,AY752141,AY752176,AY752204,AY752235,AY752266
Cercosporasp. P,CBS 132645; CPC 10527,Acacia mangium,Fabaceae,Thailand,M.J. Wingfield,AY752142,AY752177,AY752205,AY752236,AY752267
Cercosporasp. P,CBS 132660; CPC 11629; GHA-4-0,Dioscorea rotundata,Dioscoreaceae,Ghana,S. Nyako & A.O. Danquah,JX143704,JX143464,JX143218,JX142972,JX142726
Cercosporasp. P,CBS 132662; CPC 11635; PNG-009,Dioscorea nummularia,Dioscoreaceae,Papua New Guinea,J. Peters & A.N. Jama,JX143705,JX143465,JX143219,JX142973,JX142727
Cercosporasp. P,CBS 132664; CPC 11637; PNG-022,Dioscorea rotundata,Dioscoreaceae,Papua New Guinea,J. Peters & A.N. Jama,JX143706,JX143466,JX143220,JX142974,JX142728
Cercosporasp. P,CBS 132665; CPC 11638; PNG-023,Dioscorea bulbifera,Dioscoreaceae,Papua New Guinea,J. Peters & A.N. Jama,JX143707,JX143467,JX143221,JX142975,JX142729
Cercosporasp. P,CBS 132680; CPC 15827,Ricinus communis,Euphorbiaceae,Mexico: Tamaulipas,Ma. de Jesús Yáñez-Morales,JX143708,JX143468,JX143222,JX142976,JX142730
Cercosporasp. P,CPC 10552,Acacia mangium,Fabaceae,Thailand,K. Pongpanich,JX143709,AY752174,AY752202,AY752233,AY752264
Cercosporasp. P,CPC 11630; GHA-4-3,Dioscorea rotundata,Dioscoreaceae,Ghana,S. Nyako & A.O. Danquah,JX143710,JX143469,JX143223,JX142977,JX142731
Cercosporasp. P,CPC 11631; GHA-5-0,Dioscorea rotundata,Dioscoreaceae,Ghana,S. Nyako & A.O. Danquah,JX143711,JX143470,JX143224,JX142978,JX142732
Cercosporasp. P,CPC 11632; GHA-7-4,Dioscorea rotundata,Dioscoreaceae,Ghana,S. Nyako & A.O. Danquah,JX143712,JX143471,JX143225,JX142979,JX142733
Cercosporasp. P,CPC 11633; GHA-8-4,Dioscorea rotundata,Dioscoreaceae,Ghana,S. Nyako & A.O. Danquah,JX143713,JX143472,JX143226,JX142980,JX142734
Cercosporasp. P,CPC 4001,Citrus×sinensis(≡C. aurantiumvar.sinensis),Rutaceae,Swaziland,M.C. Pretorius,AY343372,AY343335,DQ835116,DQ835143,DQ835170
Cercosporasp. P,CPC 4002,Citrus×sinensis(≡C. aurantiumvar.sinensis),Rutaceae,Swaziland,M.C. Pretorius,DQ835072,DQ835097,DQ835117,DQ835144,DQ835171
Cercosporasp. P,CPC 5262,Hibiscus sabdariffa,Malvaceae,New Zealand: Auckland (imported from Fiji),C.F. Hill,JX143714,JX143473,JX143227,JX142981,JX142735
Cercosporasp. P,CPC 5327,Cajanus cajan,Fabaceae,South Africa: Nelspruit,L. van Jaarsveld,JX143715,JX143474,JX143228,JX142982,JX142736
Cercosporasp. P,MUCC 771,Coffea arabica,Rubiaceae,Japan: Okinawa,C. Nakashima,JX143716,JX143475,JX143229,JX142983,JX142737
Cercosporasp. Q,CBS 113997; CPC 5325,Cajanus cajan,Fabaceae,South Africa: Nelspruit,L. van Jaarsveld,JX143717,JX143476,JX143230,JX142984,JX142738
Cercosporasp. Q,CBS 115410; CPC 5331,Cajanus cajan,Fabaceae,South Africa: Nelspruit,L. van Jaarsveld,JX143718,JX143477,JX143231,JX142985,JX142739
Cercosporasp. Q,CBS 115411; CPC 5332,Cajanus cajan,Fabaceae,South Africa: Nelspruit,L. van Jaarsveld,JX143719,JX143478,JX143232,JX142986,JX142740
Cercosporasp. Q,CBS 115412; CPC 5333,Cajanus cajan,Fabaceae,South Africa: Nelspruit,L. van Jaarsveld,JX143720,JX143479,JX143233,JX142987,JX142741
Cercosporasp. Q,CBS 115536; CPC 5329,Cajanus cajan,Fabaceae,South Africa: Nelspruit,L. van Jaarsveld,JX143721,JX143480,JX143234,JX142988,JX142742
Cercosporasp. Q,CBS 115537; CPC 5330,Cajanus cajan,Fabaceae,South Africa: Nelspruit,L. van Jaarsveld,JX143722,JX143481,JX143235,JX142989,JX142743
Cercosporasp. Q,CBS 132656; CPC 11536,Acacia mangium,Fabaceae,Thailand,K. Pongpanich,JX143723,JX143482,JX143236,JX142990,JX142744
Cercosporasp. Q,CBS 132661; CPC 11634; PNG-002,Dioscorea rotundata,Dioscoreaceae,Papua New Guinea,J. Peters & A.N. Jama,JX143724,JX143483,JX143237,JX142991,JX142745
Cercosporasp. Q,CBS 132663; CPC 11636; PNG-016,Dioscorea esculenta,Dioscoreaceae,Papua New Guinea,J. Peters & A.N. Jama,JX143725,JX143484,JX143238,JX142992,JX142746
Cercosporasp. Q,CBS 132679; CPC 15807,Phaseolus vulgaris,Fabaceae,Mexico,Ma. de Jesús Yáñez-Morales,JX143726,JX143485,JX143239,JX142993,JX142747
Cercosporasp. Q,CBS 132681; CPC 15844,Euphorbiasp.,Euphorbiaceae,Mexico: Tamaulipas,Ma. de Jesús Yáñez-Morales,JX143727,JX143486,JX143240,JX142994,JX142748
Cercosporasp. Q,CBS 132682; CPC 15850,Taraxacumsp.,Asteraceae,Mexico: Tamaulipas,Ma. de Jesús Yáñez-Morales,JX143728,JX143487,JX143241,JX142995,JX142749
Cercosporasp. Q,CPC 10550,Acacia mangium,Fabaceae,Thailand,K. Pongpanich,AY752139,AY752172,AY752200,AY752231,AY752262
Cercosporasp. Q,CPC 10551,Acacia mangium,Fabaceae,Thailand,K. Pongpanich,AY752140,AY752173,AY752201,AY752232,AY752263
Cercosporasp. Q,CPC 11539,Acacia mangium,Fabaceae,Thailand,K. Pongpanich,JX143729,JX143488,JX143242,JX142996,JX142750
Cercosporasp. Q,CPC 11639; PNG-037,Dioscorea rotundata,Dioscoreaceae,Papua New Guinea,J. Peters & A.N. Jama,JX143730,JX143489,JX143243,JX142997,JX142751
Cercosporasp. Q,CPC 15875,Euphorbiasp.,Euphorbiaceae,Mexico: Tamaulipas,Ma. de Jesús Yáñez-Morales,JX143731,JX143490,JX143244,JX142998,JX142752
Cercosporasp. R,CBS 114644,Myoporum laetum,Myoporaceae,New Zealand: Grey Lynn,C.F. Hill,JX143732,JX143491,JX143245,JX142999,JX142753
Cercosporasp. S,CBS 132599; CPC 10656,Crepidiastrum denticulatum(≡Youngia denticulata),Asteraceae,South Korea: Yangpyeong,H.D. Shin,JX143733,JX143492,JX143246,JX143000,JX142754
Cercospora vignigena,CBS 132611; CPC 10812 (TYPE),Vigna unguiculata(=V. sinensis),Fabaceae,South Korea: Jeongeup,H.D. Shin,JX143734,JX143493,JX143247,JX143001,JX142755
Cercospora vignigena,CPC 1134,Vigna unguiculata(=V. sinensis),Fabaceae,South Africa: Potchefstroom,S. van Wyk,JX143735,JX143494,JX143248,JX143002,JX142756
Cercospora vignigena,MUCC 579; MAFF 237635,Vigna unguiculata(=V. sinensis),Fabaceae,Japan: Gumma,K. Kishi,JX143736,JX143495,JX143249,JX143003,JX142757
Cercospora violae,CBS 251.67; CPC 5079 (TYPE),Viola tricolor,Violaceae,Romania: Cazanele Dunarii,O. Constantinescu,JX143737,JX143496,JX143250,JX143004,JX142758
Cercospora violae,CPC 5368,Viola odorata,Violaceae,New Zealand,C.F. Hill,JX143738,JX143497,JX143251,JX143005,JX142759
Cercospora violae,MUCC 129,Violasp.,Violaceae,Japan: Kochi,J. Nishikawa,JX143739,JX143498,JX143252,JX143006,JX142760
Cercospora violae,MUCC 133,Viola tricolor,Violaceae,Japan: Nagano,J. Nishikawa,JX143740,JX143499,JX143253,JX143007,JX142761
Cercospora violae,MUCC 136,Viola tricolor,Violaceae,Japan: Shizuoka,J. Nishikawa,JX143741,JX143500,JX143254,JX143008,JX142762
Cercospora zeae-maydis,CBS 117755; YA-03; A358,Zea mays,Poaceae,USA: Indiana,B. Fleener,DQ185072,DQ185084,DQ185096,DQ185108,DQ185120
Cercospora zeae-maydis,CBS 117756; DE-97; A359,Zea mays,Poaceae,USA: Indiana,B. Fleener,DQ185073,DQ185085,DQ185097,DQ185109,DQ185121
Cercospora zeae-maydis,CBS 117757; JV-WI-02; A360 (TYPE),Zea mays,Poaceae,USA: Wisconsin,B. Fleener,DQ185074,DQ185086,DQ185098,DQ185110,DQ185122
Cercospora zeae-maydis,CBS 117758; JH-IA-04; A361,Zea mays,Poaceae,USA: Iowa,B. Fleener,DQ185075,DQ185087,DQ185099,DQ185111,DQ185123
Cercospora zeae-maydis,CBS 117759; UC-TN-99; A362,Zea mays,Poaceae,USA: Tennessee,B. Fleener,DQ185076,DQ185088,DQ185100,DQ185112,DQ185124
Cercospora zeae-maydis,CBS 117760; NH-PA-99; A363,Zea mays,Poaceae,USA: Pennsylvania,B. Fleener,DQ185077,DQ185089,DQ185101,DQ185113,DQ185125
Cercospora zeae-maydis,CBS 117761; PR-IN-99; A364,Zea mays,Poaceae,USA: Indiana,B. Fleener,DQ185078,DQ185090,DQ185102,DQ185114,DQ185126
Cercospora zeae-maydis,CBS 117762; DEXTER-MO-00; A365,Zea mays,Poaceae,USA: Missouri,B. Fleener,DQ185079,DQ185091,DQ185103,DQ185115,DQ185127
Cercospora zeae-maydis,CBS 117763; RENBECK-IA-99; A367,Zea mays,Poaceae,USA: Iowa,B. Fleener,DQ185080,DQ185092,DQ185104,DQ185116,DQ185128
Cercospora zeae-maydis,CBS 132668; CPC 12225; CHME 52,Zea mays,Poaceae,China: Liaoning Province,–,JX143742,JX143501,JX143255,JX143009,JX142763
Cercospora zeae-maydis,CBS 132678; CPC 15602,Zea mays,Poaceae,Mexico: Tlacotepec,Ma. de Jesús Yáñez-Morales,JX143743,JX143502,JX143256,JX143010,JX142764
Cercospora zebrina,CBS 108.22; CPC 5091,Medicago arabica(=M. maculata),Fabaceae,–,E.F. Hopkins,JX143744,JX143503,JX143257,JX143011,JX142765
Cercospora zebrina,CBS 112723; CPC 3957,Trifolium repens,Fabaceae,Canada: Ottawa,K.A. Seifert,AY260079,JX143504,JX143258,JX143012,JX142766
Cercospora zebrina,CBS 112736; CPC 3958,Trifolium repens,Fabaceae,Canada: Ottawa,K.A. Seifert,AY260080,JX143505,JX143259,JX143013,JX142767
Cercospora zebrina,CBS 112893; CPC 3955,Trifolium pratense,Fabaceae,Canada: Ottawa,K.A. Seifert,AY260078,JX143506,JX143260,JX143014,JX142768
Cercospora zebrina,CBS 113070; CPC 5367,Trifolium repens,Fabaceae,New Zealand: Blockhouse Bay,C.F. Hill,JX143745,JX143507,JX143261,JX143015,JX142769
Cercospora zebrina,CBS 114359; CPC 10901,Hebesp.,Scrophulariaceae,New Zealand,C.F. Hill,JX143746,JX143508,JX143262,JX143016,JX142770
Cercospora zebrina,CBS 118789; WAC 5106,Trifolium subterraneum,Fabaceae,Australia,M.J. Barbetti,JX143747,JX143509,JX143263,JX143017,JX142771
Cercospora zebrina,CBS 118790; IMI 262766; WA 2030; WAC 7973,Trifolium subterraneum,Fabaceae,Australia,M.J. Barbetti,JX143748,JX143510,JX143264,JX143018,JX142772
Cercospora zebrina,CBS 118791; IMI 264190; WA2054; WAC7993,Trifolium cernuum,Fabaceae,Australia,M.J. Barbetti,JX143749,JX143511,JX143265,JX143019,JX142773
Cercospora zebrina,CBS 129.39; CPC 5078,Trifolium subterraneum,Fabaceae,USA: Wisconsin,–,JX143750,JX143512,JX143266,JX143020,JX142774
Cercospora zebrina,CBS 132650; CPC 10756,Trifolium repens,Fabaceae,South Korea: Namyangju,H.D. Shin,JX143751,JX143513,JX143267,JX143021,JX142775
Cercospora zebrina,CBS 137.56; CPC 5118,Hedysarum coronarium,Fabaceae,Italy,–,JX143752,JX143514,JX143268,JX143022,JX142776
Cercospora zebrina,CBS 537.71; IMI 161108; CPC 5089,Astragalus spruneri,Fabaceae,Romania: Hagieni,O. Constantinescu,JX143753,JX143515,JX143269,JX143023,JX142777
Cercospora zebrina,CPC 5437,Lotus pedunculatus,Fabaceae,New Zealand: Auckland,C.F. Hill,JX143754,JX143516,JX143270,JX143024,JX142778
Cercospora zebrina,CPC 5473,Jacaranda mimosifolia,Bignoniaceae,New Zealand,C.F. Hill,JX143755,JX143517,JX143271,JX143025,JX142779
Cercospora zeina,CBS 118820; CPC 11995 (TYPE),Zea mays,Poaceae,South Africa: Pietermaritzburg,P. Caldwell,DQ185081,DQ185093,DQ185105,DQ185117,DQ185129
Cercospora zeina,CBS 132617; CPC 11998,Zea mays,Poaceae,South Africa: Pietermaritzburg,P. Caldwell,DQ185082,DQ185094,DQ185106,DQ185118,DQ185130
Cercosporacf.zinniae,CBS 132624; CPC 14549,Zinnia elegans,Asteraceae,South Korea: Yangpyeong,H.D. Shin,JX143756,JX143518,JX143272,JX143026,JX142780
Cercosporacf.zinniae,CBS 132676; CPC 15075,–,–,Brazil: Valverde,A.C. Alfenas,JX143757,JX143519,JX143273,JX143027,JX142781
Cercosporacf.zinniae,MUCC 131,Zinnia elegans,Asteraceae,Japan: Shizuoka,J. Nishikawa,JX143758,JX143520,JX143274,JX143028,JX142782
Cercosporacf.zinniae,MUCC 572; MUCNS 215; MAFF 237718,Zinnia elegans,Asteraceae,Japan: Chiba,S. Uematsu,JX143759,JX143521,JX143275,JX143029,JX142783
Septoria provencialis,CBS 118910; CPC 12226,Eucalyptussp.,Myrtaceae,France,P.W. Crous,DQ303096,JX143522,JX143276,JX143030,JX142784
